{
"lengthUnit": "mil",
"remark": [],
"components": {
	"fields": ["COMPONENT_NO", "COMPONENT_NAME", "LAYER", "X_COORDINATE", "Y_COORDINATE", "ANGLE"],
	"rows": [
		[1, "D1", "T", 2830, 695, 0],
		[2, "S1", "T", -2205, 3485, 0],
		[3, "U1", "B", 2280, -180, 180],
		[4, "U2", "T", 1115, -2000, 90],
		[5, "U3", "B", 850, -305, 180],
		[6, "U4", "B", 760, 565, 90],
		[7, "U5", "B", 2995, -2420, 180],
		[8, "U6", "B", 2380, 1065, 270],
		[9, "U7", "B", 1645, 1065, 270],
		[10, "U8", "T", 3160, -370, 90],
		[11, "U9", "B", 1830, -1705, 0],
		[12, "U10", "T", 1653.5433, -1585, 0],
		[13, "U11", "T", 866.1417, -1574.8031, 0],
		[14, "U12", "T", 2440.9449, -1575, 0],
		[15, "U13", "T", 1653.5433, -787.4016, 0],
		[16, "U14", "T", 1653.5433, -2362.2047, 0],
		[17, "PAD1", "T", 3226.99, 185.01, 0],
		[18, "PAD1", "B", 3226.99, 185.01, 0],
		[19, "PAD2", "T", 3226.99, 283.01, 0],
		[20, "PAD2", "B", 3226.99, 283.01, 0],
		[21, "PAD3", "T", 2280, -280, 0],
		[22, "PAD3", "B", 2280, -280, 0],
		[23, "PAD4", "T", 2280, -380, 0],
		[24, "PAD4", "B", 2280, -380, 0],
		[25, "PAD5", "T", 2280, -480, 0],
		[26, "PAD5", "B", 2280, -480, 0],
		[27, "PAD6", "T", 2280, -580, 0],
		[28, "PAD6", "B", 2280, -580, 0],
		[29, "PAD7", "T", 2280, -680, 0],
		[30, "PAD7", "B", 2280, -680, 0],
		[31, "PAD8", "T", 2280, -780, 0],
		[32, "PAD8", "B", 2280, -780, 0],
		[33, "PAD9", "T", 2280, -880, 0],
		[34, "PAD9", "B", 2280, -880, 0],
		[35, "PAD10", "T", 2280, -180, 0],
		[36, "PAD10", "B", 2280, -180, 0],
		[37, "PAD11", "T", 695, -2000, 0],
		[38, "PAD11", "B", 695, -2000, 0],
		[39, "PAD12", "T", 1015, -2000, 0],
		[40, "PAD12", "B", 1015, -2000, 0],
		[41, "PAD13", "T", 595, -2000, 0],
		[42, "PAD13", "B", 595, -2000, 0],
		[43, "PAD14", "T", 1115, -2000, 0],
		[44, "PAD14", "B", 1115, -2000, 0],
		[45, "PAD15", "T", 1302.75, -305, 0],
		[46, "PAD15", "B", 1302.75, -305, 0],
		[47, "PAD16", "T", 1302.75, -405, 0],
		[48, "PAD16", "B", 1302.75, -405, 0],
		[49, "PAD17", "T", 1302.75, -605, 0],
		[50, "PAD17", "B", 1302.75, -605, 0],
		[51, "PAD18", "T", 1302.75, -705, 0],
		[52, "PAD18", "B", 1302.75, -705, 0],
		[53, "PAD19", "T", 1302.75, -805, 0],
		[54, "PAD19", "B", 1302.75, -805, 0],
		[55, "PAD20", "T", 1302.75, -905, 0],
		[56, "PAD20", "B", 1302.75, -905, 0],
		[57, "PAD21", "T", 1302.75, -1505, 0],
		[58, "PAD21", "B", 1302.75, -1505, 0],
		[59, "PAD22", "T", 1302.75, -1705, 0],
		[60, "PAD22", "B", 1302.75, -1705, 0],
		[61, "PAD23", "T", 1302.75, -1805, 0],
		[62, "PAD23", "B", 1302.75, -1805, 0],
		[63, "PAD24", "T", 1302.75, -1905, 0],
		[64, "PAD24", "B", 1302.75, -1905, 0],
		[65, "PAD25", "T", 1302.75, -2005, 0],
		[66, "PAD25", "B", 1302.75, -2005, 0],
		[67, "PAD26", "T", 1302.75, -2105, 0],
		[68, "PAD26", "B", 1302.75, -2105, 0],
		[69, "PAD27", "T", 1302.75, -2305, 0],
		[70, "PAD27", "B", 1302.75, -2305, 0],
		[71, "PAD28", "T", 1302.75, -2405, 0],
		[72, "PAD28", "B", 1302.75, -2405, 0],
		[73, "PAD29", "T", 397.24, -2405, 0],
		[74, "PAD29", "B", 397.24, -2405, 0],
		[75, "PAD30", "T", 397.24, -2305, 0],
		[76, "PAD30", "B", 397.24, -2305, 0],
		[77, "PAD31", "T", 397.24, -1605, 0],
		[78, "PAD31", "B", 397.24, -1605, 0],
		[79, "PAD32", "T", 397.24, -1505, 0],
		[80, "PAD32", "B", 397.24, -1505, 0],
		[81, "PAD33", "T", 397.24, -1405, 0],
		[82, "PAD33", "B", 397.24, -1405, 0],
		[83, "PAD34", "T", 397.24, -1205, 0],
		[84, "PAD34", "B", 397.24, -1205, 0],
		[85, "PAD35", "T", 397.24, -1105, 0],
		[86, "PAD35", "B", 397.24, -1105, 0],
		[87, "PAD36", "T", 397.24, -1005, 0],
		[88, "PAD36", "B", 397.24, -1005, 0],
		[89, "PAD37", "T", 397.24, -905, 0],
		[90, "PAD37", "B", 397.24, -905, 0],
		[91, "PAD38", "T", 397.24, -705, 0],
		[92, "PAD38", "B", 397.24, -705, 0],
		[93, "PAD39", "T", 397.24, -605, 0],
		[94, "PAD39", "B", 397.24, -605, 0],
		[95, "PAD40", "T", 360, 165, 0],
		[96, "PAD40", "B", 360, 165, 0],
		[97, "PAD41", "T", 360, 265, 0],
		[98, "PAD41", "B", 360, 265, 0],
		[99, "PAD42", "T", 360, 365, 0],
		[100, "PAD42", "B", 360, 365, 0],
		[101, "PAD43", "T", 360, 465, 0],
		[102, "PAD43", "B", 360, 465, 0],
		[103, "PAD44", "T", 360, 565, 0],
		[104, "PAD44", "B", 360, 565, 0],
		[105, "PAD45", "T", 360, 665, 0],
		[106, "PAD45", "B", 360, 665, 0],
		[107, "PAD46", "T", 360, 765, 0],
		[108, "PAD46", "B", 360, 765, 0],
		[109, "PAD47", "T", 360, 965, 0],
		[110, "PAD47", "B", 360, 965, 0],
		[111, "PAD48", "T", 1160, 765, 0],
		[112, "PAD48", "B", 1160, 765, 0],
		[113, "PAD49", "T", 1160, 665, 0],
		[114, "PAD49", "B", 1160, 665, 0],
		[115, "PAD50", "T", 1160, 565, 0],
		[116, "PAD50", "B", 1160, 565, 0],
		[117, "PAD51", "T", 1160, 465, 0],
		[118, "PAD51", "B", 1160, 465, 0],
		[119, "PAD52", "T", 1160, 365, 0],
		[120, "PAD52", "B", 1160, 365, 0],
		[121, "PAD53", "T", 1160, 265, 0],
		[122, "PAD53", "B", 1160, 265, 0],
		[123, "PAD54", "T", 2950, -2510, 0],
		[124, "PAD54", "B", 2950, -2510, 0],
		[125, "PAD55", "T", 1750, -2510, 0],
		[126, "PAD55", "B", 1750, -2510, 0],
		[127, "PAD56", "T", 1750, -2785, 0],
		[128, "PAD56", "B", 1750, -2785, 0],
		[129, "PAD57", "T", 2950, -2785, 0],
		[130, "PAD57", "B", 2950, -2785, 0],
		[131, "PAD58", "T", 2180, 965, 0],
		[132, "PAD58", "B", 2180, 965, 0],
		[133, "PAD59", "T", 2480, 965, 0],
		[134, "PAD59", "B", 2480, 965, 0],
		[135, "PAD60", "T", 2380, 1165, 0],
		[136, "PAD60", "B", 2380, 1165, 0],
		[137, "PAD61", "T", 3160, -370, 0],
		[138, "PAD61", "B", 3160, -370, 0],
		[139, "PAD62", "T", 3160, -270, 0],
		[140, "PAD62", "B", 3160, -270, 0],
		[141, "PAD63", "T", 1408.5433, -1480, 0],
		[142, "PAD63", "B", 1408.5433, -1480, 0],
		[143, "PAD64", "T", 1903.5433, -1675, 0],
		[144, "PAD64", "B", 1903.5433, -1675, 0],
		[145, "PAD65", "T", 1445, 965, 0],
		[146, "PAD65", "B", 1445, 965, 0],
		[147, "PAD66", "T", 1745, 965, 0],
		[148, "PAD66", "B", 1745, 965, 0],
		[149, "PAD67", "T", 1645, 1165, 0],
		[150, "PAD67", "B", 1645, 1165, 0],
		[151, "PAD68", "T", 621.1417, -1469.8031, 0],
		[152, "PAD68", "B", 621.1417, -1469.8031, 0],
		[153, "PAD69", "T", 1116.1417, -1664.8031, 0],
		[154, "PAD69", "B", 1116.1417, -1664.8031, 0],
		[155, "PAD70", "T", 2195.9449, -1470, 0],
		[156, "PAD70", "B", 2195.9449, -1470, 0],
		[157, "PAD71", "T", 2690.9449, -1665, 0],
		[158, "PAD71", "B", 2690.9449, -1665, 0],
		[159, "PAD72", "T", 1408.5433, -682.4016, 0],
		[160, "PAD72", "B", 1408.5433, -682.4016, 0],
		[161, "PAD73", "T", 1903.5433, -877.4016, 0],
		[162, "PAD73", "B", 1903.5433, -877.4016, 0],
		[163, "PAD74", "T", 1408.5433, -2257.2047, 0],
		[164, "PAD74", "B", 1408.5433, -2257.2047, 0],
		[165, "PAD75", "T", 1903.5433, -2452.2047, 0],
		[166, "PAD75", "B", 1903.5433, -2452.2047, 0],
		[167, "PAD76", "T", 730.0042, 894.9996, 0],
		[168, "PAD76", "B", 730.0042, 894.9996, 0],
		[169, "PAD77", "T", 730.0042, 794.9998, 0],
		[170, "PAD77", "B", 730.0042, 794.9998, 0],
		[171, "PAD78", "T", 730.0042, 695, 0],
		[172, "PAD78", "B", 730.0042, 695, 0],
		[173, "PAD79", "T", 730.0042, 595.0002, 0],
		[174, "PAD79", "B", 730.0042, 595.0002, 0],
		[175, "PAD80", "T", 730.0042, 495.0004, 0],
		[176, "PAD80", "B", 730.0042, 495.0004, 0],
		[177, "PAD81", "T", 730.0042, 395.0006, 0],
		[178, "PAD81", "B", 730.0042, 395.0006, 0],
		[179, "PAD82", "T", 730.0042, 290.0009, 0],
		[180, "PAD82", "B", 730.0042, 290.0009, 0],
		[181, "PAD83", "T", 730.0042, 195.001, 0],
		[182, "PAD83", "B", 730.0042, 195.001, 0],
		[183, "PAD84", "T", 1830, -1705, 0],
		[184, "PAD84", "B", 1830, -1705, 0],
		[185, "PAD85", "T", 1830, -1605, 0],
		[186, "PAD85", "B", 1830, -1605, 0],
		[187, "PAD86", "T", 1830, -1505, 0],
		[188, "PAD86", "B", 1830, -1505, 0],
		[189, "PAD87", "T", 1830, -1405, 0],
		[190, "PAD87", "B", 1830, -1405, 0],
		[191, "PAD88", "T", 1830, -1305, 0],
		[192, "PAD88", "B", 1830, -1305, 0],
		[193, "PAD89", "T", 1830, -1205, 0],
		[194, "PAD89", "B", 1830, -1205, 0]
	]
},
"pins": {
	"fields": ["PIN_NO", "PIN_NAME", "PIN_X", "PIN_Y", "LAYER", "PIN_TYPE", "NET_NAME", "NET_TYPE", "PAD_SHAPE", "PAD_SIZEX", "PAD_SIZEY", "HOLE_SIZE", "HOLE_LEN", "PAD_ANGLE"],
	"rows": [
		[1, "D1_1", 730.0042, 894.9996, "T", "DIP", "$1N16", "", "C", 59.9999, 59.9999, 35.9842, 35.9842, 0],
		[2, "D1_1", 730.0042, 894.9996, "B", "DIP", "$1N16", "", "C", 59.9999, 59.9999, 35.9842, 35.9842, 0],
		[3, "D1_2", 730.0042, 794.9998, "T", "DIP", "$1N1712", "", "C", 59.9999, 59.9999, 35.9842, 35.9842, 0],
		[4, "D1_2", 730.0042, 794.9998, "B", "DIP", "$1N1712", "", "C", 59.9999, 59.9999, 35.9842, 35.9842, 0],
		[5, "D1_3", 730.0042, 695, "T", "DIP", "$1N17", "", "C", 59.9999, 59.9999, 35.9842, 35.9842, 0],
		[6, "D1_3", 730.0042, 695, "B", "DIP", "$1N17", "", "C", 59.9999, 59.9999, 35.9842, 35.9842, 0],
		[7, "D1_4", 730.0042, 595.0002, "T", "DIP", "$1N18", "", "C", 59.9999, 59.9999, 35.9842, 35.9842, 0],
		[8, "D1_4", 730.0042, 595.0002, "B", "DIP", "$1N18", "", "C", 59.9999, 59.9999, 35.9842, 35.9842, 0],
		[9, "D1_5", 730.0042, 495.0004, "T", "DIP", "$1N19", "", "C", 59.9999, 59.9999, 35.9842, 35.9842, 0],
		[10, "D1_5", 730.0042, 495.0004, "B", "DIP", "$1N19", "", "C", 59.9999, 59.9999, 35.9842, 35.9842, 0],
		[11, "D1_6", 730.0042, 395.0006, "T", "DIP", "$1N20", "", "C", 59.9999, 59.9999, 35.9842, 35.9842, 0],
		[12, "D1_6", 730.0042, 395.0006, "B", "DIP", "$1N20", "", "C", 59.9999, 59.9999, 35.9842, 35.9842, 0],
		[13, "D1_7", 730.0042, 290.0009, "T", "DIP", "$1N21", "", "C", 59.9999, 59.9999, 35.9842, 35.9842, 0],
		[14, "D1_7", 730.0042, 290.0009, "B", "DIP", "$1N21", "", "C", 59.9999, 59.9999, 35.9842, 35.9842, 0],
		[15, "D1_8", 730.0042, 195.001, "T", "DIP", "$1N22", "", "C", 59.9999, 59.9999, 35.9842, 35.9842, 0],
		[16, "D1_8", 730.0042, 195.001, "B", "DIP", "$1N22", "", "C", 59.9999, 59.9999, 35.9842, 35.9842, 0],
		[17, "D1_9", 2830, 695, "T", "DIP", "NET_1", "", "R", 59.9999, 59.9999, 35.9842, 35.9842, 0],
		[18, "D1_9", 2830, 695, "B", "DIP", "NET_1", "", "R", 59.9999, 59.9999, 35.9842, 35.9842, 0],
		[19, "D1_10", 2830, 595.0002, "T", "DIP", "NET_2", "", "C", 59.9999, 59.9999, 35.9842, 35.9842, 0],
		[20, "D1_10", 2830, 595.0002, "B", "DIP", "NET_2", "", "C", 59.9999, 59.9999, 35.9842, 35.9842, 0],
		[21, "D1_11", 2830, 495.0004, "T", "DIP", "NET_3", "", "C", 59.9999, 59.9999, 35.9842, 35.9842, 0],
		[22, "D1_11", 2830, 495.0004, "B", "DIP", "NET_3", "", "C", 59.9999, 59.9999, 35.9842, 35.9842, 0],
		[23, "D1_12", 2830, 395.0006, "T", "DIP", "NET_4", "", "C", 59.9999, 59.9999, 35.9842, 35.9842, 0],
		[24, "D1_12", 2830, 395.0006, "B", "DIP", "NET_4", "", "C", 59.9999, 59.9999, 35.9842, 35.9842, 0],
		[25, "D1_13", 2810, -24.9985, "T", "DIP", "NET_5", "", "C", 119.9998, 119.9998, 119.9998, 119.9998, 0],
		[26, "D1_13", 2810, -24.9985, "B", "DIP", "NET_5", "", "C", 119.9998, 119.9998, 119.9998, 119.9998, 0],
		[27, "D1_14", 750.0041, -24.9985, "T", "DIP", "NET_6", "", "C", 119.9998, 119.9998, 119.9998, 119.9998, 0],
		[28, "D1_14", 750.0041, -24.9985, "B", "DIP", "NET_6", "", "C", 119.9998, 119.9998, 119.9998, 119.9998, 0],
		[29, "D1_15", 750.0041, 1114.9992, "T", "DIP", "NET_7", "", "C", 119.9998, 119.9998, 119.9998, 119.9998, 0],
		[30, "D1_15", 750.0041, 1114.9992, "B", "DIP", "NET_7", "", "C", 119.9998, 119.9998, 119.9998, 119.9998, 0],
		[31, "D1_16", 2810, 1114.9992, "T", "DIP", "NET_8", "", "C", 119.9998, 119.9998, 119.9998, 119.9998, 0],
		[32, "D1_16", 2810, 1114.9992, "B", "DIP", "NET_8", "", "C", 119.9998, 119.9998, 119.9998, 119.9998, 0],
		[33, "S1_1", 3226.99, 283.01, "T", "DIP", "$1N31", "", "C", 60, 60, 40, 40.2, 270],
		[34, "S1_1", 3226.99, 283.01, "B", "DIP", "$1N31", "", "C", 60, 60, 40, 40.2, 270],
		[35, "S1_2", 3226.99, 185.01, "T", "DIP", "$1N32", "", "C", 60, 60, 40, 40.2, 270],
		[36, "S1_2", 3226.99, 185.01, "B", "DIP", "$1N32", "", "C", 60, 60, 40, 40.2, 270],
		[37, "S1_3", 3226.99, 87.01, "T", "DIP", "NET_9", "", "C", 60, 60, 40, 40.2, 270],
		[38, "S1_3", 3226.99, 87.01, "B", "DIP", "NET_9", "", "C", 60, 60, 40, 40.2, 270],
		[39, "U1_1", 2280, -180, "T", "DIP", "$1N1641", "", "C", 60, 60, 36, 36, 180],
		[40, "U1_1", 2280, -180, "B", "DIP", "$1N1641", "", "C", 60, 60, 36, 36, 180],
		[41, "U1_2", 2280, -280, "T", "DIP", "$1N1712", "", "C", 60, 60, 36, 36, 180],
		[42, "U1_2", 2280, -280, "B", "DIP", "$1N1712", "", "C", 60, 60, 36, 36, 180],
		[43, "U1_3", 2280, -380, "T", "DIP", "$1N8", "", "C", 60, 60, 36, 36, 180],
		[44, "U1_3", 2280, -380, "B", "DIP", "$1N8", "", "C", 60, 60, 36, 36, 180],
		[45, "U1_4", 2280, -480, "T", "DIP", "$1N1712", "", "C", 60, 60, 36, 36, 180],
		[46, "U1_4", 2280, -480, "B", "DIP", "$1N1712", "", "C", 60, 60, 36, 36, 180],
		[47, "U1_5", 2280, -580, "T", "DIP", "$1N7", "", "C", 60, 60, 36, 36, 180],
		[48, "U1_5", 2280, -580, "B", "DIP", "$1N7", "", "C", 60, 60, 36, 36, 180],
		[49, "U1_6", 2280, -680, "T", "DIP", "$1N6", "", "C", 60, 60, 36, 36, 180],
		[50, "U1_6", 2280, -680, "B", "DIP", "$1N6", "", "C", 60, 60, 36, 36, 180],
		[51, "U1_7", 2280, -780, "T", "DIP", "$1N1712", "", "C", 60, 60, 36, 36, 180],
		[52, "U1_7", 2280, -780, "B", "DIP", "$1N1712", "", "C", 60, 60, 36, 36, 180],
		[53, "U1_8", 2280, -880, "T", "DIP", "$1N5", "", "C", 60, 60, 36, 36, 180],
		[54, "U1_8", 2280, -880, "B", "DIP", "$1N5", "", "C", 60, 60, 36, 36, 180],
		[55, "U2_1", 595, -2900, "T", "DIP", "NET_10", "", "R", 78.74, 78.74, 31.496, 31.696, 90],
		[56, "U2_1", 595, -2900, "B", "DIP", "NET_10", "", "R", 78.74, 78.74, 31.496, 31.696, 90],
		[57, "U2_2", 1115, -2900, "T", "DIP", "NET_11", "", "R", 78.74, 78.74, 31.496, 31.696, 90],
		[58, "U2_2", 1115, -2900, "B", "DIP", "NET_11", "", "R", 78.74, 78.74, 31.496, 31.696, 90],
		[59, "U2_3", 695, -2000, "T", "DIP", "$1N24", "", "R", 78.74, 78.74, 31.496, 31.696, 90],
		[60, "U2_3", 695, -2000, "B", "DIP", "$1N24", "", "R", 78.74, 78.74, 31.496, 31.696, 90],
		[61, "U2_4", 1015, -2000, "T", "DIP", "$1N23", "", "R", 78.74, 78.74, 31.496, 31.696, 90],
		[62, "U2_4", 1015, -2000, "B", "DIP", "$1N23", "", "R", 78.74, 78.74, 31.496, 31.696, 90],
		[63, "U2_5", 595, -2000, "T", "DIP", "$1N31", "", "R", 78.74, 78.74, 31.496, 31.696, 90],
		[64, "U2_5", 595, -2000, "B", "DIP", "$1N31", "", "R", 78.74, 78.74, 31.496, 31.696, 90],
		[65, "U2_6", 1115, -2000, "T", "DIP", "$1N1712", "", "R", 78.74, 78.74, 31.496, 31.696, 90],
		[66, "U2_6", 1115, -2000, "B", "DIP", "$1N1712", "", "R", 78.74, 78.74, 31.496, 31.696, 90],
		[67, "U3_1", 1302.75, -305, "T", "DIP", "$1N1712", "", "C", 78.74, 78.74, 39.37, 39.37, 180],
		[68, "U3_1", 1302.75, -305, "B", "DIP", "$1N1712", "", "C", 78.74, 78.74, 39.37, 39.37, 180],
		[69, "U3_2", 1302.75, -405, "T", "DIP", "$1N16", "", "C", 78.74, 78.74, 39.37, 39.37, 180],
		[70, "U3_2", 1302.75, -405, "B", "DIP", "$1N16", "", "C", 78.74, 78.74, 39.37, 39.37, 180],
		[71, "U3_3", 1302.75, -505, "T", "DIP", "NET_12", "", "C", 78.74, 78.74, 39.37, 39.37, 180],
		[72, "U3_3", 1302.75, -505, "B", "DIP", "NET_12", "", "C", 78.74, 78.74, 39.37, 39.37, 180],
		[73, "U3_4", 1302.75, -605, "T", "DIP", "$1N17", "", "C", 78.74, 78.74, 39.37, 39.37, 180],
		[74, "U3_4", 1302.75, -605, "B", "DIP", "$1N17", "", "C", 78.74, 78.74, 39.37, 39.37, 180],
		[75, "U3_5", 1302.75, -705, "T", "DIP", "$1N18", "", "C", 78.74, 78.74, 39.37, 39.37, 180],
		[76, "U3_5", 1302.75, -705, "B", "DIP", "$1N18", "", "C", 78.74, 78.74, 39.37, 39.37, 180],
		[77, "U3_6", 1302.75, -805, "T", "DIP", "$1N19", "", "C", 78.74, 78.74, 39.37, 39.37, 180],
		[78, "U3_6", 1302.75, -805, "B", "DIP", "$1N19", "", "C", 78.74, 78.74, 39.37, 39.37, 180],
		[79, "U3_7", 1302.75, -905, "T", "DIP", "$1N22", "", "C", 78.74, 78.74, 39.37, 39.37, 180],
		[80, "U3_7", 1302.75, -905, "B", "DIP", "$1N22", "", "C", 78.74, 78.74, 39.37, 39.37, 180],
		[81, "U3_8", 1302.75, -1005, "T", "DIP", "NET_13", "", "C", 78.74, 78.74, 39.37, 39.37, 180],
		[82, "U3_8", 1302.75, -1005, "B", "DIP", "NET_13", "", "C", 78.74, 78.74, 39.37, 39.37, 180],
		[83, "U3_9", 1302.75, -1105, "T", "DIP", "NET_14", "", "C", 78.74, 78.74, 39.37, 39.37, 180],
		[84, "U3_9", 1302.75, -1105, "B", "DIP", "NET_14", "", "C", 78.74, 78.74, 39.37, 39.37, 180],
		[85, "U3_10", 1302.75, -1205, "T", "DIP", "NET_15", "", "C", 78.74, 78.74, 39.37, 39.37, 180],
		[86, "U3_10", 1302.75, -1205, "B", "DIP", "NET_15", "", "C", 78.74, 78.74, 39.37, 39.37, 180],
		[87, "U3_11", 1302.75, -1305, "T", "DIP", "NET_16", "", "C", 78.74, 78.74, 39.37, 39.37, 180],
		[88, "U3_11", 1302.75, -1305, "B", "DIP", "NET_16", "", "C", 78.74, 78.74, 39.37, 39.37, 180],
		[89, "U3_12", 1302.75, -1405, "T", "DIP", "NET_17", "", "C", 78.74, 78.74, 39.37, 39.37, 180],
		[90, "U3_12", 1302.75, -1405, "B", "DIP", "NET_17", "", "C", 78.74, 78.74, 39.37, 39.37, 180],
		[91, "U3_13", 1302.75, -1505, "T", "DIP", "$1N1712", "", "C", 78.74, 78.74, 39.37, 39.37, 180],
		[92, "U3_13", 1302.75, -1505, "B", "DIP", "$1N1712", "", "C", 78.74, 78.74, 39.37, 39.37, 180],
		[93, "U3_14", 1302.75, -1605, "T", "DIP", "NET_18", "", "C", 78.74, 78.74, 39.37, 39.37, 180],
		[94, "U3_14", 1302.75, -1605, "B", "DIP", "NET_18", "", "C", 78.74, 78.74, 39.37, 39.37, 180],
		[95, "U3_15", 1302.75, -1705, "T", "DIP", "$1N33", "", "C", 78.74, 78.74, 39.37, 39.37, 180],
		[96, "U3_15", 1302.75, -1705, "B", "DIP", "$1N33", "", "C", 78.74, 78.74, 39.37, 39.37, 180],
		[97, "U3_16", 1302.75, -1805, "T", "DIP", "$1N35", "", "C", 78.74, 78.74, 39.37, 39.37, 180],
		[98, "U3_16", 1302.75, -1805, "B", "DIP", "$1N35", "", "C", 78.74, 78.74, 39.37, 39.37, 180],
		[99, "U3_17", 1302.75, -1905, "T", "DIP", "PNET", "", "C", 78.74, 78.74, 39.37, 39.37, 180],
		[100, "U3_17", 1302.75, -1905, "B", "DIP", "PNET", "", "C", 78.74, 78.74, 39.37, 39.37, 180],
		[101, "U3_18", 1302.75, -2005, "T", "DIP", "$1N36", "", "C", 78.74, 78.74, 39.37, 39.37, 180],
		[102, "U3_18", 1302.75, -2005, "B", "DIP", "$1N36", "", "C", 78.74, 78.74, 39.37, 39.37, 180],
		[103, "U3_19", 1302.75, -2105, "T", "DIP", "$1N37", "", "C", 78.74, 78.74, 39.37, 39.37, 180],
		[104, "U3_19", 1302.75, -2105, "B", "DIP", "$1N37", "", "C", 78.74, 78.74, 39.37, 39.37, 180],
		[105, "U3_20", 1302.75, -2205, "T", "DIP", "NET_19", "", "C", 78.74, 78.74, 39.37, 39.37, 180],
		[106, "U3_20", 1302.75, -2205, "B", "DIP", "NET_19", "", "C", 78.74, 78.74, 39.37, 39.37, 180],
		[107, "U3_21", 1302.75, -2305, "T", "DIP", "$1N1641", "", "C", 78.74, 78.74, 39.37, 39.37, 180],
		[108, "U3_21", 1302.75, -2305, "B", "DIP", "$1N1641", "", "C", 78.74, 78.74, 39.37, 39.37, 180],
		[109, "U3_22", 1302.75, -2405, "T", "DIP", "$1N1712", "", "C", 78.74, 78.74, 39.37, 39.37, 180],
		[110, "U3_22", 1302.75, -2405, "B", "DIP", "$1N1712", "", "C", 78.74, 78.74, 39.37, 39.37, 180],
		[111, "U3_23", 397.24, -2405, "T", "DIP", "$1N29", "", "C", 78.74, 78.74, 39.37, 39.37, 180],
		[112, "U3_23", 397.24, -2405, "B", "DIP", "$1N29", "", "C", 78.74, 78.74, 39.37, 39.37, 180],
		[113, "U3_24", 397.24, -2305, "T", "DIP", "$1N29", "", "C", 78.74, 78.74, 39.37, 39.37, 180],
		[114, "U3_24", 397.24, -2305, "B", "DIP", "$1N29", "", "C", 78.74, 78.74, 39.37, 39.37, 180],
		[115, "U3_25", 397.24, -2205, "T", "DIP", "NET_20", "", "C", 78.74, 78.74, 39.37, 39.37, 180],
		[116, "U3_25", 397.24, -2205, "B", "DIP", "NET_20", "", "C", 78.74, 78.74, 39.37, 39.37, 180],
		[117, "U3_26", 397.24, -2105, "T", "DIP", "NET_21", "", "C", 78.74, 78.74, 39.37, 39.37, 180],
		[118, "U3_26", 397.24, -2105, "B", "DIP", "NET_21", "", "C", 78.74, 78.74, 39.37, 39.37, 180],
		[119, "U3_27", 397.24, -2005, "T", "DIP", "NET_22", "", "C", 78.74, 78.74, 39.37, 39.37, 180],
		[120, "U3_27", 397.24, -2005, "B", "DIP", "NET_22", "", "C", 78.74, 78.74, 39.37, 39.37, 180],
		[121, "U3_28", 397.24, -1905, "T", "DIP", "NET_23", "", "C", 78.74, 78.74, 39.37, 39.37, 180],
		[122, "U3_28", 397.24, -1905, "B", "DIP", "NET_23", "", "C", 78.74, 78.74, 39.37, 39.37, 180],
		[123, "U3_29", 397.24, -1805, "T", "DIP", "NET_24", "", "C", 78.74, 78.74, 39.37, 39.37, 180],
		[124, "U3_29", 397.24, -1805, "B", "DIP", "NET_24", "", "C", 78.74, 78.74, 39.37, 39.37, 180],
		[125, "U3_30", 397.24, -1705, "T", "DIP", "NET_25", "", "C", 78.74, 78.74, 39.37, 39.37, 180],
		[126, "U3_30", 397.24, -1705, "B", "DIP", "NET_25", "", "C", 78.74, 78.74, 39.37, 39.37, 180],
		[127, "U3_31", 397.24, -1605, "T", "DIP", "$1N15", "", "C", 78.74, 78.74, 39.37, 39.37, 180],
		[128, "U3_31", 397.24, -1605, "B", "DIP", "$1N15", "", "C", 78.74, 78.74, 39.37, 39.37, 180],
		[129, "U3_32", 397.24, -1505, "T", "DIP", "$1N20", "", "C", 78.74, 78.74, 39.37, 39.37, 180],
		[130, "U3_32", 397.24, -1505, "B", "DIP", "$1N20", "", "C", 78.74, 78.74, 39.37, 39.37, 180],
		[131, "U3_33", 397.24, -1405, "T", "DIP", "$1N21", "", "C", 78.74, 78.74, 39.37, 39.37, 180],
		[132, "U3_33", 397.24, -1405, "B", "DIP", "$1N21", "", "C", 78.74, 78.74, 39.37, 39.37, 180],
		[133, "U3_34", 397.24, -1305, "T", "DIP", "NET_26", "", "C", 78.74, 78.74, 39.37, 39.37, 180],
		[134, "U3_34", 397.24, -1305, "B", "DIP", "NET_26", "", "C", 78.74, 78.74, 39.37, 39.37, 180],
		[135, "U3_35", 397.24, -1205, "T", "DIP", "$1N25", "", "C", 78.74, 78.74, 39.37, 39.37, 180],
		[136, "U3_35", 397.24, -1205, "B", "DIP", "$1N25", "", "C", 78.74, 78.74, 39.37, 39.37, 180],
		[137, "U3_36", 397.24, -1105, "T", "DIP", "$1N26", "", "C", 78.74, 78.74, 39.37, 39.37, 180],
		[138, "U3_36", 397.24, -1105, "B", "DIP", "$1N26", "", "C", 78.74, 78.74, 39.37, 39.37, 180],
		[139, "U3_37", 397.24, -1005, "T", "DIP", "$1N27", "", "C", 78.74, 78.74, 39.37, 39.37, 180],
		[140, "U3_37", 397.24, -1005, "B", "DIP", "$1N27", "", "C", 78.74, 78.74, 39.37, 39.37, 180],
		[141, "U3_38", 397.24, -905, "T", "DIP", "$1N28", "", "C", 78.74, 78.74, 39.37, 39.37, 180],
		[142, "U3_38", 397.24, -905, "B", "DIP", "$1N28", "", "C", 78.74, 78.74, 39.37, 39.37, 180],
		[143, "U3_39", 397.24, -805, "T", "DIP", "NET_27", "", "C", 78.74, 78.74, 39.37, 39.37, 180],
		[144, "U3_39", 397.24, -805, "B", "DIP", "NET_27", "", "C", 78.74, 78.74, 39.37, 39.37, 180],
		[145, "U3_40", 397.24, -705, "T", "DIP", "$1N11", "", "C", 78.74, 78.74, 39.37, 39.37, 180],
		[146, "U3_40", 397.24, -705, "B", "DIP", "$1N11", "", "C", 78.74, 78.74, 39.37, 39.37, 180],
		[147, "U3_41", 397.24, -605, "T", "DIP", "$1N13", "", "C", 78.74, 78.74, 39.37, 39.37, 180],
		[148, "U3_41", 397.24, -605, "B", "DIP", "$1N13", "", "C", 78.74, 78.74, 39.37, 39.37, 180],
		[149, "U3_42", 397.24, -505, "T", "DIP", "NET_28", "", "C", 78.74, 78.74, 39.37, 39.37, 180],
		[150, "U3_42", 397.24, -505, "B", "DIP", "NET_28", "", "C", 78.74, 78.74, 39.37, 39.37, 180],
		[151, "U3_43", 397.24, -405, "T", "DIP", "NET_29", "", "C", 78.74, 78.74, 39.37, 39.37, 180],
		[152, "U3_43", 397.24, -405, "B", "DIP", "NET_29", "", "C", 78.74, 78.74, 39.37, 39.37, 180],
		[153, "U3_44", 397.24, -305, "T", "DIP", "NET_30", "", "C", 78.74, 78.74, 39.37, 39.37, 180],
		[154, "U3_44", 397.24, -305, "B", "DIP", "NET_30", "", "C", 78.74, 78.74, 39.37, 39.37, 180],
		[155, "U4_1", 360, 165, "T", "DIP", "$1N6", "", "C", 66.929, 66.929, 43.308, 43.308, 90],
		[156, "U4_1", 360, 165, "B", "DIP", "$1N6", "", "C", 66.929, 66.929, 43.308, 43.308, 90],
		[157, "U4_2", 360, 265, "T", "DIP", "$1N1712", "", "C", 66.929, 66.929, 43.308, 43.308, 90],
		[158, "U4_2", 360, 265, "B", "DIP", "$1N1712", "", "C", 66.929, 66.929, 43.308, 43.308, 90],
		[159, "U4_3", 360, 365, "T", "DIP", "$1N5", "", "C", 66.929, 66.929, 43.308, 43.308, 90],
		[160, "U4_3", 360, 365, "B", "DIP", "$1N5", "", "C", 66.929, 66.929, 43.308, 43.308, 90],
		[161, "U4_4", 360, 465, "T", "DIP", "$1N13", "", "C", 66.929, 66.929, 43.308, 43.308, 90],
		[162, "U4_4", 360, 465, "B", "DIP", "$1N13", "", "C", 66.929, 66.929, 43.308, 43.308, 90],
		[163, "U4_5", 360, 565, "T", "DIP", "$1N1712", "", "C", 66.929, 66.929, 43.308, 43.308, 90],
		[164, "U4_5", 360, 565, "B", "DIP", "$1N1712", "", "C", 66.929, 66.929, 43.308, 43.308, 90],
		[165, "U4_6", 360, 665, "T", "DIP", "$1N11", "", "C", 66.929, 66.929, 43.308, 43.308, 90],
		[166, "U4_6", 360, 665, "B", "DIP", "$1N11", "", "C", 66.929, 66.929, 43.308, 43.308, 90],
		[167, "U4_7", 360, 765, "T", "DIP", "$1N1712", "", "C", 66.929, 66.929, 43.308, 43.308, 90],
		[168, "U4_7", 360, 765, "B", "DIP", "$1N1712", "", "C", 66.929, 66.929, 43.308, 43.308, 90],
		[169, "U4_8", 360, 865, "T", "DIP", "NET_31", "", "C", 66.929, 66.929, 43.308, 43.308, 90],
		[170, "U4_8", 360, 865, "B", "DIP", "NET_31", "", "C", 66.929, 66.929, 43.308, 43.308, 90],
		[171, "U4_9", 360, 965, "T", "DIP", "$1N1641", "", "C", 66.929, 66.929, 43.308, 43.308, 90],
		[172, "U4_9", 360, 965, "B", "DIP", "$1N1641", "", "C", 66.929, 66.929, 43.308, 43.308, 90],
		[173, "U4_10", 1160, 765, "T", "DIP", "$1N15", "", "C", 66.929, 66.929, 43.308, 43.308, 90],
		[174, "U4_10", 1160, 765, "B", "DIP", "$1N15", "", "C", 66.929, 66.929, 43.308, 43.308, 90],
		[175, "U4_11", 1160, 665, "T", "DIP", "$1N29", "", "C", 66.929, 66.929, 43.308, 43.308, 90],
		[176, "U4_11", 1160, 665, "B", "DIP", "$1N29", "", "C", 66.929, 66.929, 43.308, 43.308, 90],
		[177, "U4_12", 1160, 565, "T", "DIP", "$1N1712", "", "C", 66.929, 66.929, 43.308, 43.308, 90],
		[178, "U4_12", 1160, 565, "B", "DIP", "$1N1712", "", "C", 66.929, 66.929, 43.308, 43.308, 90],
		[179, "U4_13", 1160, 465, "T", "DIP", "$1N29", "", "C", 66.929, 66.929, 43.308, 43.308, 90],
		[180, "U4_13", 1160, 465, "B", "DIP", "$1N29", "", "C", 66.929, 66.929, 43.308, 43.308, 90],
		[181, "U4_14", 1160, 365, "T", "DIP", "$1N1712", "", "C", 66.929, 66.929, 43.308, 43.308, 90],
		[182, "U4_14", 1160, 365, "B", "DIP", "$1N1712", "", "C", 66.929, 66.929, 43.308, 43.308, 90],
		[183, "U4_15", 1160, 265, "T", "DIP", "$1N16", "", "C", 66.929, 66.929, 43.308, 43.308, 90],
		[184, "U4_15", 1160, 265, "B", "DIP", "$1N16", "", "C", 66.929, 66.929, 43.308, 43.308, 90],
		[185, "U5_1", 2950, -2510, "T", "DIP", "$1N1641", "", "C", 60, 60, 36, 36, 180],
		[186, "U5_1", 2950, -2510, "B", "DIP", "$1N1641", "", "C", 60, 60, 36, 36, 180],
		[187, "U5_2", 1750, -2510, "T", "DIP", "$1N32", "", "C", 60, 60, 36, 36, 180],
		[188, "U5_2", 1750, -2510, "B", "DIP", "$1N32", "", "C", 60, 60, 36, 36, 180],
		[189, "U5_3", 1750, -2785, "T", "DIP", "$1N1712", "", "C", 60, 60, 36, 36, 180],
		[190, "U5_3", 1750, -2785, "B", "DIP", "$1N1712", "", "C", 60, 60, 36, 36, 180],
		[191, "U5_4", 2950, -2785, "T", "DIP", "$1N1712", "", "C", 60, 60, 36, 36, 180],
		[192, "U5_4", 2950, -2785, "B", "DIP", "$1N1712", "", "C", 60, 60, 36, 36, 180],
		[193, "U6_1", 2380, 1165, "T", "DIP", "$1N1712", "", "O", 60, 98.425, 39.37, 39.37, 270],
		[194, "U6_1", 2380, 1165, "B", "DIP", "$1N1712", "", "O", 60, 98.425, 39.37, 39.37, 270],
		[195, "U6_2", 2180, 965, "T", "DIP", "$1N7", "", "O", 98.425, 60, 39.37, 39.37, 270],
		[196, "U6_2", 2180, 965, "B", "DIP", "$1N7", "", "O", 98.425, 60, 39.37, 39.37, 270],
		[197, "U6_3", 2280, 965, "T", "DIP", "NET_32", "", "O", 98.425, 60, 39.37, 39.37, 270],
		[198, "U6_3", 2280, 965, "B", "DIP", "NET_32", "", "O", 98.425, 60, 39.37, 39.37, 270],
		[199, "U6_4", 2480, 965, "T", "DIP", "$1N8", "", "O", 98.425, 60, 39.37, 39.37, 270],
		[200, "U6_4", 2480, 965, "B", "DIP", "$1N8", "", "O", 98.425, 60, 39.37, 39.37, 270],
		[201, "U6_5", 2580, 965, "T", "DIP", "NET_33", "", "O", 98.425, 60, 39.37, 39.37, 270],
		[202, "U6_5", 2580, 965, "B", "DIP", "NET_33", "", "O", 98.425, 60, 39.37, 39.37, 270],
		[203, "U7_1", 1645, 1165, "T", "DIP", "$1N1712", "", "O", 60, 98.425, 39.37, 39.37, 270],
		[204, "U7_1", 1645, 1165, "B", "DIP", "$1N1712", "", "O", 60, 98.425, 39.37, 39.37, 270],
		[205, "U7_2", 1445, 965, "T", "DIP", "$1N7", "", "O", 98.425, 60, 39.37, 39.37, 270],
		[206, "U7_2", 1445, 965, "B", "DIP", "$1N7", "", "O", 98.425, 60, 39.37, 39.37, 270],
		[207, "U7_3", 1545, 965, "T", "DIP", "NET_34", "", "O", 98.425, 60, 39.37, 39.37, 270],
		[208, "U7_3", 1545, 965, "B", "DIP", "NET_34", "", "O", 98.425, 60, 39.37, 39.37, 270],
		[209, "U7_4", 1745, 965, "T", "DIP", "$1N8", "", "O", 98.425, 60, 39.37, 39.37, 270],
		[210, "U7_4", 1745, 965, "B", "DIP", "$1N8", "", "O", 98.425, 60, 39.37, 39.37, 270],
		[211, "U7_5", 1845, 965, "T", "DIP", "NET_35", "", "O", 98.425, 60, 39.37, 39.37, 270],
		[212, "U7_5", 1845, 965, "B", "DIP", "NET_35", "", "O", 98.425, 60, 39.37, 39.37, 270],
		[213, "U8_1", 3160, -370, "T", "DIP", "$1N23", "", "C", 62.992, 62.992, 39.37, 39.37, 90],
		[214, "U8_1", 3160, -370, "B", "DIP", "$1N23", "", "C", 62.992, 62.992, 39.37, 39.37, 90],
		[215, "U8_2", 3160, -270, "T", "DIP", "$1N24", "", "C", 62.992, 62.992, 39.37, 39.37, 90],
		[216, "U8_2", 3160, -270, "B", "DIP", "$1N24", "", "C", 62.992, 62.992, 39.37, 39.37, 90],
		[217, "U9_1", 1830, -1705, "T", "DIP", "$1N1712", "", "C", 78.74, 78.74, 36, 36, 0],
		[218, "U9_1", 1830, -1705, "B", "DIP", "$1N1712", "", "C", 78.74, 78.74, 36, 36, 0],
		[219, "U9_2", 1830, -1605, "T", "DIP", "$1N1641", "", "C", 78.74, 78.74, 36, 36, 0],
		[220, "U9_2", 1830, -1605, "B", "DIP", "$1N1641", "", "C", 78.74, 78.74, 36, 36, 0],
		[221, "U9_3", 1830, -1505, "T", "DIP", "$1N27", "", "C", 78.74, 78.74, 36, 36, 0],
		[222, "U9_3", 1830, -1505, "B", "DIP", "$1N27", "", "C", 78.74, 78.74, 36, 36, 0],
		[223, "U9_4", 1830, -1405, "T", "DIP", "$1N26", "", "C", 78.74, 78.74, 36, 36, 0],
		[224, "U9_4", 1830, -1405, "B", "DIP", "$1N26", "", "C", 78.74, 78.74, 36, 36, 0],
		[225, "U9_5", 1830, -1305, "T", "DIP", "$1N28", "", "C", 78.74, 78.74, 36, 36, 0],
		[226, "U9_5", 1830, -1305, "B", "DIP", "$1N28", "", "C", 78.74, 78.74, 36, 36, 0],
		[227, "U9_6", 1830, -1205, "T", "DIP", "$1N25", "", "C", 78.74, 78.74, 36, 36, 0],
		[228, "U9_6", 1830, -1205, "B", "DIP", "$1N25", "", "C", 78.74, 78.74, 36, 36, 0],
		[229, "U10_1", 1408.5433, -1480, "T", "DIP", "$1N33", "", "C", 60, 60, 36, 36, 0],
		[230, "U10_1", 1408.5433, -1480, "B", "DIP", "$1N33", "", "C", 60, 60, 36, 36, 0],
		[231, "U10_2", 1903.5433, -1480, "T", "DIP", "NET_36", "", "C", 60, 60, 36, 36, 0],
		[232, "U10_2", 1903.5433, -1480, "B", "DIP", "NET_36", "", "C", 60, 60, 36, 36, 0],
		[233, "U10_3", 1408.5433, -1675, "T", "DIP", "NET_37", "", "C", 60, 60, 36, 36, 0],
		[234, "U10_3", 1408.5433, -1675, "B", "DIP", "NET_37", "", "C", 60, 60, 36, 36, 0],
		[235, "U10_4", 1903.5433, -1675, "T", "DIP", "$1N1712", "", "C", 60, 60, 36, 36, 0],
		[236, "U10_4", 1903.5433, -1675, "B", "DIP", "$1N1712", "", "C", 60, 60, 36, 36, 0],
		[237, "U11_1", 621.1417, -1469.8031, "T", "DIP", "$1N35", "", "C", 60, 60, 36, 36, 0],
		[238, "U11_1", 621.1417, -1469.8031, "B", "DIP", "$1N35", "", "C", 60, 60, 36, 36, 0],
		[239, "U11_2", 1116.1417, -1469.8031, "T", "DIP", "NET_38", "", "C", 60, 60, 36, 36, 0],
		[240, "U11_2", 1116.1417, -1469.8031, "B", "DIP", "NET_38", "", "C", 60, 60, 36, 36, 0],
		[241, "U11_3", 621.1417, -1664.8031, "T", "DIP", "NET_39", "", "C", 60, 60, 36, 36, 0],
		[242, "U11_3", 621.1417, -1664.8031, "B", "DIP", "NET_39", "", "C", 60, 60, 36, 36, 0],
		[243, "U11_4", 1116.1417, -1664.8031, "T", "DIP", "$1N1712", "", "C", 60, 60, 36, 36, 0],
		[244, "U11_4", 1116.1417, -1664.8031, "B", "DIP", "$1N1712", "", "C", 60, 60, 36, 36, 0],
		[245, "U12_1", 2195.9449, -1470, "T", "DIP", "PNET", "", "C", 60, 60, 36, 36, 0],
		[246, "U12_1", 2195.9449, -1470, "B", "DIP", "PNET", "", "C", 60, 60, 36, 36, 0],
		[247, "U12_2", 2690.9449, -1470, "T", "DIP", "NET_40", "", "C", 60, 60, 36, 36, 0],
		[248, "U12_2", 2690.9449, -1470, "B", "DIP", "NET_40", "", "C", 60, 60, 36, 36, 0],
		[249, "U12_3", 2195.9449, -1665, "T", "DIP", "NET_41", "", "C", 60, 60, 36, 36, 0],
		[250, "U12_3", 2195.9449, -1665, "B", "DIP", "NET_41", "", "C", 60, 60, 36, 36, 0],
		[251, "U12_4", 2690.9449, -1665, "T", "DIP", "$1N1712", "", "C", 60, 60, 36, 36, 0],
		[252, "U12_4", 2690.9449, -1665, "B", "DIP", "$1N1712", "", "C", 60, 60, 36, 36, 0],
		[253, "U13_1", 1408.5433, -682.4016, "T", "DIP", "$1N36", "", "C", 60, 60, 36, 36, 0],
		[254, "U13_1", 1408.5433, -682.4016, "B", "DIP", "$1N36", "", "C", 60, 60, 36, 36, 0],
		[255, "U13_2", 1903.5433, -682.4016, "T", "DIP", "NET_42", "", "C", 60, 60, 36, 36, 0],
		[256, "U13_2", 1903.5433, -682.4016, "B", "DIP", "NET_42", "", "C", 60, 60, 36, 36, 0],
		[257, "U13_3", 1408.5433, -877.4016, "T", "DIP", "NET_43", "", "C", 60, 60, 36, 36, 0],
		[258, "U13_3", 1408.5433, -877.4016, "B", "DIP", "NET_43", "", "C", 60, 60, 36, 36, 0],
		[259, "U13_4", 1903.5433, -877.4016, "T", "DIP", "$1N1712", "", "C", 60, 60, 36, 36, 0],
		[260, "U13_4", 1903.5433, -877.4016, "B", "DIP", "$1N1712", "", "C", 60, 60, 36, 36, 0],
		[261, "U14_1", 1408.5433, -2257.2047, "T", "DIP", "$1N37", "", "C", 60, 60, 36, 36, 0],
		[262, "U14_1", 1408.5433, -2257.2047, "B", "DIP", "$1N37", "", "C", 60, 60, 36, 36, 0],
		[263, "U14_2", 1903.5433, -2257.2047, "T", "DIP", "NET_44", "", "C", 60, 60, 36, 36, 0],
		[264, "U14_2", 1903.5433, -2257.2047, "B", "DIP", "NET_44", "", "C", 60, 60, 36, 36, 0],
		[265, "U14_3", 1408.5433, -2452.2047, "T", "DIP", "NET_45", "", "C", 60, 60, 36, 36, 0],
		[266, "U14_3", 1408.5433, -2452.2047, "B", "DIP", "NET_45", "", "C", 60, 60, 36, 36, 0],
		[267, "U14_4", 1903.5433, -2452.2047, "T", "DIP", "$1N1712", "", "C", 60, 60, 36, 36, 0],
		[268, "U14_4", 1903.5433, -2452.2047, "B", "DIP", "$1N1712", "", "C", 60, 60, 36, 36, 0],
		[269, "PAD1_2", 3226.99, 185.01, "T", "DIP", "$1N32", "", "C", 60, 60, 40, 40.2, 270],
		[270, "PAD1_2", 3226.99, 185.01, "B", "DIP", "$1N32", "", "C", 60, 60, 40, 40.2, 270],
		[271, "PAD2_1", 3226.99, 283.01, "T", "DIP", "$1N31", "", "C", 60, 60, 40, 40.2, 270],
		[272, "PAD2_1", 3226.99, 283.01, "B", "DIP", "$1N31", "", "C", 60, 60, 40, 40.2, 270],
		[273, "PAD3_2", 2280, -280, "T", "DIP", "$1N1712", "", "C", 60, 60, 36, 36, 180],
		[274, "PAD3_2", 2280, -280, "B", "DIP", "$1N1712", "", "C", 60, 60, 36, 36, 180],
		[275, "PAD4_3", 2280, -380, "T", "DIP", "$1N8", "", "C", 60, 60, 36, 36, 180],
		[276, "PAD4_3", 2280, -380, "B", "DIP", "$1N8", "", "C", 60, 60, 36, 36, 180],
		[277, "PAD5_4", 2280, -480, "T", "DIP", "$1N1712", "", "C", 60, 60, 36, 36, 180],
		[278, "PAD5_4", 2280, -480, "B", "DIP", "$1N1712", "", "C", 60, 60, 36, 36, 180],
		[279, "PAD6_5", 2280, -580, "T", "DIP", "$1N7", "", "C", 60, 60, 36, 36, 180],
		[280, "PAD6_5", 2280, -580, "B", "DIP", "$1N7", "", "C", 60, 60, 36, 36, 180],
		[281, "PAD7_6", 2280, -680, "T", "DIP", "$1N6", "", "C", 60, 60, 36, 36, 180],
		[282, "PAD7_6", 2280, -680, "B", "DIP", "$1N6", "", "C", 60, 60, 36, 36, 180],
		[283, "PAD8_7", 2280, -780, "T", "DIP", "$1N1712", "", "C", 60, 60, 36, 36, 180],
		[284, "PAD8_7", 2280, -780, "B", "DIP", "$1N1712", "", "C", 60, 60, 36, 36, 180],
		[285, "PAD9_8", 2280, -880, "T", "DIP", "$1N5", "", "C", 60, 60, 36, 36, 180],
		[286, "PAD9_8", 2280, -880, "B", "DIP", "$1N5", "", "C", 60, 60, 36, 36, 180],
		[287, "PAD10_1", 2280, -180, "T", "DIP", "$1N1641", "", "C", 60, 60, 36, 36, 180],
		[288, "PAD10_1", 2280, -180, "B", "DIP", "$1N1641", "", "C", 60, 60, 36, 36, 180],
		[289, "PAD11_3", 695, -2000, "T", "DIP", "$1N24", "", "R", 78.74, 78.74, 31.496, 31.696, 90],
		[290, "PAD11_3", 695, -2000, "B", "DIP", "$1N24", "", "R", 78.74, 78.74, 31.496, 31.696, 90],
		[291, "PAD12_4", 1015, -2000, "T", "DIP", "$1N23", "", "R", 78.74, 78.74, 31.496, 31.696, 90],
		[292, "PAD12_4", 1015, -2000, "B", "DIP", "$1N23", "", "R", 78.74, 78.74, 31.496, 31.696, 90],
		[293, "PAD13_5", 595, -2000, "T", "DIP", "$1N31", "", "R", 78.74, 78.74, 31.496, 31.696, 90],
		[294, "PAD13_5", 595, -2000, "B", "DIP", "$1N31", "", "R", 78.74, 78.74, 31.496, 31.696, 90],
		[295, "PAD14_6", 1115, -2000, "T", "DIP", "$1N1712", "", "R", 78.74, 78.74, 31.496, 31.696, 90],
		[296, "PAD14_6", 1115, -2000, "B", "DIP", "$1N1712", "", "R", 78.74, 78.74, 31.496, 31.696, 90],
		[297, "PAD15_1", 1302.75, -305, "T", "DIP", "$1N1712", "", "C", 78.74, 78.74, 39.37, 39.37, 180],
		[298, "PAD15_1", 1302.75, -305, "B", "DIP", "$1N1712", "", "C", 78.74, 78.74, 39.37, 39.37, 180],
		[299, "PAD16_2", 1302.75, -405, "T", "DIP", "$1N16", "", "C", 78.74, 78.74, 39.37, 39.37, 180],
		[300, "PAD16_2", 1302.75, -405, "B", "DIP", "$1N16", "", "C", 78.74, 78.74, 39.37, 39.37, 180],
		[301, "PAD17_4", 1302.75, -605, "T", "DIP", "$1N17", "", "C", 78.74, 78.74, 39.37, 39.37, 180],
		[302, "PAD17_4", 1302.75, -605, "B", "DIP", "$1N17", "", "C", 78.74, 78.74, 39.37, 39.37, 180],
		[303, "PAD18_5", 1302.75, -705, "T", "DIP", "$1N18", "", "C", 78.74, 78.74, 39.37, 39.37, 180],
		[304, "PAD18_5", 1302.75, -705, "B", "DIP", "$1N18", "", "C", 78.74, 78.74, 39.37, 39.37, 180],
		[305, "PAD19_6", 1302.75, -805, "T", "DIP", "$1N19", "", "C", 78.74, 78.74, 39.37, 39.37, 180],
		[306, "PAD19_6", 1302.75, -805, "B", "DIP", "$1N19", "", "C", 78.74, 78.74, 39.37, 39.37, 180],
		[307, "PAD20_7", 1302.75, -905, "T", "DIP", "$1N22", "", "C", 78.74, 78.74, 39.37, 39.37, 180],
		[308, "PAD20_7", 1302.75, -905, "B", "DIP", "$1N22", "", "C", 78.74, 78.74, 39.37, 39.37, 180],
		[309, "PAD21_13", 1302.75, -1505, "T", "DIP", "$1N1712", "", "C", 78.74, 78.74, 39.37, 39.37, 180],
		[310, "PAD21_13", 1302.75, -1505, "B", "DIP", "$1N1712", "", "C", 78.74, 78.74, 39.37, 39.37, 180],
		[311, "PAD22_15", 1302.75, -1705, "T", "DIP", "$1N33", "", "C", 78.74, 78.74, 39.37, 39.37, 180],
		[312, "PAD22_15", 1302.75, -1705, "B", "DIP", "$1N33", "", "C", 78.74, 78.74, 39.37, 39.37, 180],
		[313, "PAD23_16", 1302.75, -1805, "T", "DIP", "$1N35", "", "C", 78.74, 78.74, 39.37, 39.37, 180],
		[314, "PAD23_16", 1302.75, -1805, "B", "DIP", "$1N35", "", "C", 78.74, 78.74, 39.37, 39.37, 180],
		[315, "PAD24_17", 1302.75, -1905, "T", "DIP", "PNET", "", "C", 78.74, 78.74, 39.37, 39.37, 180],
		[316, "PAD24_17", 1302.75, -1905, "B", "DIP", "PNET", "", "C", 78.74, 78.74, 39.37, 39.37, 180],
		[317, "PAD25_18", 1302.75, -2005, "T", "DIP", "$1N36", "", "C", 78.74, 78.74, 39.37, 39.37, 180],
		[318, "PAD25_18", 1302.75, -2005, "B", "DIP", "$1N36", "", "C", 78.74, 78.74, 39.37, 39.37, 180],
		[319, "PAD26_19", 1302.75, -2105, "T", "DIP", "$1N37", "", "C", 78.74, 78.74, 39.37, 39.37, 180],
		[320, "PAD26_19", 1302.75, -2105, "B", "DIP", "$1N37", "", "C", 78.74, 78.74, 39.37, 39.37, 180],
		[321, "PAD27_21", 1302.75, -2305, "T", "DIP", "$1N1641", "", "C", 78.74, 78.74, 39.37, 39.37, 180],
		[322, "PAD27_21", 1302.75, -2305, "B", "DIP", "$1N1641", "", "C", 78.74, 78.74, 39.37, 39.37, 180],
		[323, "PAD28_22", 1302.75, -2405, "T", "DIP", "$1N1712", "", "C", 78.74, 78.74, 39.37, 39.37, 180],
		[324, "PAD28_22", 1302.75, -2405, "B", "DIP", "$1N1712", "", "C", 78.74, 78.74, 39.37, 39.37, 180],
		[325, "PAD29_23", 397.24, -2405, "T", "DIP", "$1N29", "", "C", 78.74, 78.74, 39.37, 39.37, 180],
		[326, "PAD29_23", 397.24, -2405, "B", "DIP", "$1N29", "", "C", 78.74, 78.74, 39.37, 39.37, 180],
		[327, "PAD30_24", 397.24, -2305, "T", "DIP", "$1N29", "", "C", 78.74, 78.74, 39.37, 39.37, 180],
		[328, "PAD30_24", 397.24, -2305, "B", "DIP", "$1N29", "", "C", 78.74, 78.74, 39.37, 39.37, 180],
		[329, "PAD31_31", 397.24, -1605, "T", "DIP", "$1N15", "", "C", 78.74, 78.74, 39.37, 39.37, 180],
		[330, "PAD31_31", 397.24, -1605, "B", "DIP", "$1N15", "", "C", 78.74, 78.74, 39.37, 39.37, 180],
		[331, "PAD32_32", 397.24, -1505, "T", "DIP", "$1N20", "", "C", 78.74, 78.74, 39.37, 39.37, 180],
		[332, "PAD32_32", 397.24, -1505, "B", "DIP", "$1N20", "", "C", 78.74, 78.74, 39.37, 39.37, 180],
		[333, "PAD33_33", 397.24, -1405, "T", "DIP", "$1N21", "", "C", 78.74, 78.74, 39.37, 39.37, 180],
		[334, "PAD33_33", 397.24, -1405, "B", "DIP", "$1N21", "", "C", 78.74, 78.74, 39.37, 39.37, 180],
		[335, "PAD34_35", 397.24, -1205, "T", "DIP", "$1N25", "", "C", 78.74, 78.74, 39.37, 39.37, 180],
		[336, "PAD34_35", 397.24, -1205, "B", "DIP", "$1N25", "", "C", 78.74, 78.74, 39.37, 39.37, 180],
		[337, "PAD35_36", 397.24, -1105, "T", "DIP", "$1N26", "", "C", 78.74, 78.74, 39.37, 39.37, 180],
		[338, "PAD35_36", 397.24, -1105, "B", "DIP", "$1N26", "", "C", 78.74, 78.74, 39.37, 39.37, 180],
		[339, "PAD36_37", 397.24, -1005, "T", "DIP", "$1N27", "", "C", 78.74, 78.74, 39.37, 39.37, 180],
		[340, "PAD36_37", 397.24, -1005, "B", "DIP", "$1N27", "", "C", 78.74, 78.74, 39.37, 39.37, 180],
		[341, "PAD37_38", 397.24, -905, "T", "DIP", "$1N28", "", "C", 78.74, 78.74, 39.37, 39.37, 180],
		[342, "PAD37_38", 397.24, -905, "B", "DIP", "$1N28", "", "C", 78.74, 78.74, 39.37, 39.37, 180],
		[343, "PAD38_40", 397.24, -705, "T", "DIP", "$1N11", "", "C", 78.74, 78.74, 39.37, 39.37, 180],
		[344, "PAD38_40", 397.24, -705, "B", "DIP", "$1N11", "", "C", 78.74, 78.74, 39.37, 39.37, 180],
		[345, "PAD39_41", 397.24, -605, "T", "DIP", "$1N13", "", "C", 78.74, 78.74, 39.37, 39.37, 180],
		[346, "PAD39_41", 397.24, -605, "B", "DIP", "$1N13", "", "C", 78.74, 78.74, 39.37, 39.37, 180],
		[347, "PAD40_1", 360, 165, "T", "DIP", "$1N6", "", "C", 66.929, 66.929, 43.308, 43.308, 90],
		[348, "PAD40_1", 360, 165, "B", "DIP", "$1N6", "", "C", 66.929, 66.929, 43.308, 43.308, 90],
		[349, "PAD41_2", 360, 265, "T", "DIP", "$1N1712", "", "C", 66.929, 66.929, 43.308, 43.308, 90],
		[350, "PAD41_2", 360, 265, "B", "DIP", "$1N1712", "", "C", 66.929, 66.929, 43.308, 43.308, 90],
		[351, "PAD42_3", 360, 365, "T", "DIP", "$1N5", "", "C", 66.929, 66.929, 43.308, 43.308, 90],
		[352, "PAD42_3", 360, 365, "B", "DIP", "$1N5", "", "C", 66.929, 66.929, 43.308, 43.308, 90],
		[353, "PAD43_4", 360, 465, "T", "DIP", "$1N13", "", "C", 66.929, 66.929, 43.308, 43.308, 90],
		[354, "PAD43_4", 360, 465, "B", "DIP", "$1N13", "", "C", 66.929, 66.929, 43.308, 43.308, 90],
		[355, "PAD44_5", 360, 565, "T", "DIP", "$1N1712", "", "C", 66.929, 66.929, 43.308, 43.308, 90],
		[356, "PAD44_5", 360, 565, "B", "DIP", "$1N1712", "", "C", 66.929, 66.929, 43.308, 43.308, 90],
		[357, "PAD45_6", 360, 665, "T", "DIP", "$1N11", "", "C", 66.929, 66.929, 43.308, 43.308, 90],
		[358, "PAD45_6", 360, 665, "B", "DIP", "$1N11", "", "C", 66.929, 66.929, 43.308, 43.308, 90],
		[359, "PAD46_7", 360, 765, "T", "DIP", "$1N1712", "", "C", 66.929, 66.929, 43.308, 43.308, 90],
		[360, "PAD46_7", 360, 765, "B", "DIP", "$1N1712", "", "C", 66.929, 66.929, 43.308, 43.308, 90],
		[361, "PAD47_9", 360, 965, "T", "DIP", "$1N1641", "", "C", 66.929, 66.929, 43.308, 43.308, 90],
		[362, "PAD47_9", 360, 965, "B", "DIP", "$1N1641", "", "C", 66.929, 66.929, 43.308, 43.308, 90],
		[363, "PAD48_10", 1160, 765, "T", "DIP", "$1N15", "", "C", 66.929, 66.929, 43.308, 43.308, 90],
		[364, "PAD48_10", 1160, 765, "B", "DIP", "$1N15", "", "C", 66.929, 66.929, 43.308, 43.308, 90],
		[365, "PAD49_11", 1160, 665, "T", "DIP", "$1N29", "", "C", 66.929, 66.929, 43.308, 43.308, 90],
		[366, "PAD49_11", 1160, 665, "B", "DIP", "$1N29", "", "C", 66.929, 66.929, 43.308, 43.308, 90],
		[367, "PAD50_12", 1160, 565, "T", "DIP", "$1N1712", "", "C", 66.929, 66.929, 43.308, 43.308, 90],
		[368, "PAD50_12", 1160, 565, "B", "DIP", "$1N1712", "", "C", 66.929, 66.929, 43.308, 43.308, 90],
		[369, "PAD51_13", 1160, 465, "T", "DIP", "$1N29", "", "C", 66.929, 66.929, 43.308, 43.308, 90],
		[370, "PAD51_13", 1160, 465, "B", "DIP", "$1N29", "", "C", 66.929, 66.929, 43.308, 43.308, 90],
		[371, "PAD52_14", 1160, 365, "T", "DIP", "$1N1712", "", "C", 66.929, 66.929, 43.308, 43.308, 90],
		[372, "PAD52_14", 1160, 365, "B", "DIP", "$1N1712", "", "C", 66.929, 66.929, 43.308, 43.308, 90],
		[373, "PAD53_15", 1160, 265, "T", "DIP", "$1N16", "", "C", 66.929, 66.929, 43.308, 43.308, 90],
		[374, "PAD53_15", 1160, 265, "B", "DIP", "$1N16", "", "C", 66.929, 66.929, 43.308, 43.308, 90],
		[375, "PAD54_1", 2950, -2510, "T", "DIP", "$1N1641", "", "C", 60, 60, 36, 36, 180],
		[376, "PAD54_1", 2950, -2510, "B", "DIP", "$1N1641", "", "C", 60, 60, 36, 36, 180],
		[377, "PAD55_2", 1750, -2510, "T", "DIP", "$1N32", "", "C", 60, 60, 36, 36, 180],
		[378, "PAD55_2", 1750, -2510, "B", "DIP", "$1N32", "", "C", 60, 60, 36, 36, 180],
		[379, "PAD56_3", 1750, -2785, "T", "DIP", "$1N1712", "", "C", 60, 60, 36, 36, 180],
		[380, "PAD56_3", 1750, -2785, "B", "DIP", "$1N1712", "", "C", 60, 60, 36, 36, 180],
		[381, "PAD57_4", 2950, -2785, "T", "DIP", "$1N1712", "", "C", 60, 60, 36, 36, 180],
		[382, "PAD57_4", 2950, -2785, "B", "DIP", "$1N1712", "", "C", 60, 60, 36, 36, 180],
		[383, "PAD58_2", 2180, 965, "T", "DIP", "$1N7", "", "O", 98.425, 60, 39.37, 39.37, 270],
		[384, "PAD58_2", 2180, 965, "B", "DIP", "$1N7", "", "O", 98.425, 60, 39.37, 39.37, 270],
		[385, "PAD59_4", 2480, 965, "T", "DIP", "$1N8", "", "O", 98.425, 60, 39.37, 39.37, 270],
		[386, "PAD59_4", 2480, 965, "B", "DIP", "$1N8", "", "O", 98.425, 60, 39.37, 39.37, 270],
		[387, "PAD60_1", 2380, 1165, "T", "DIP", "$1N1712", "", "O", 60, 98.425, 39.37, 39.37, 270],
		[388, "PAD60_1", 2380, 1165, "B", "DIP", "$1N1712", "", "O", 60, 98.425, 39.37, 39.37, 270],
		[389, "PAD61_1", 3160, -370, "T", "DIP", "$1N23", "", "C", 62.992, 62.992, 39.37, 39.37, 90],
		[390, "PAD61_1", 3160, -370, "B", "DIP", "$1N23", "", "C", 62.992, 62.992, 39.37, 39.37, 90],
		[391, "PAD62_2", 3160, -270, "T", "DIP", "$1N24", "", "C", 62.992, 62.992, 39.37, 39.37, 90],
		[392, "PAD62_2", 3160, -270, "B", "DIP", "$1N24", "", "C", 62.992, 62.992, 39.37, 39.37, 90],
		[393, "PAD63_1", 1408.5433, -1480, "T", "DIP", "$1N33", "", "C", 60, 60, 36, 36, 0],
		[394, "PAD63_1", 1408.5433, -1480, "B", "DIP", "$1N33", "", "C", 60, 60, 36, 36, 0],
		[395, "PAD64_4", 1903.5433, -1675, "T", "DIP", "$1N1712", "", "C", 60, 60, 36, 36, 0],
		[396, "PAD64_4", 1903.5433, -1675, "B", "DIP", "$1N1712", "", "C", 60, 60, 36, 36, 0],
		[397, "PAD65_2", 1445, 965, "T", "DIP", "$1N7", "", "O", 98.425, 60, 39.37, 39.37, 270],
		[398, "PAD65_2", 1445, 965, "B", "DIP", "$1N7", "", "O", 98.425, 60, 39.37, 39.37, 270],
		[399, "PAD66_4", 1745, 965, "T", "DIP", "$1N8", "", "O", 98.425, 60, 39.37, 39.37, 270],
		[400, "PAD66_4", 1745, 965, "B", "DIP", "$1N8", "", "O", 98.425, 60, 39.37, 39.37, 270],
		[401, "PAD67_1", 1645, 1165, "T", "DIP", "$1N1712", "", "O", 60, 98.425, 39.37, 39.37, 270],
		[402, "PAD67_1", 1645, 1165, "B", "DIP", "$1N1712", "", "O", 60, 98.425, 39.37, 39.37, 270],
		[403, "PAD68_1", 621.1417, -1469.8031, "T", "DIP", "$1N35", "", "C", 60, 60, 36, 36, 0],
		[404, "PAD68_1", 621.1417, -1469.8031, "B", "DIP", "$1N35", "", "C", 60, 60, 36, 36, 0],
		[405, "PAD69_4", 1116.1417, -1664.8031, "T", "DIP", "$1N1712", "", "C", 60, 60, 36, 36, 0],
		[406, "PAD69_4", 1116.1417, -1664.8031, "B", "DIP", "$1N1712", "", "C", 60, 60, 36, 36, 0],
		[407, "PAD70_1", 2195.9449, -1470, "T", "DIP", "PNET", "", "C", 60, 60, 36, 36, 0],
		[408, "PAD70_1", 2195.9449, -1470, "B", "DIP", "PNET", "", "C", 60, 60, 36, 36, 0],
		[409, "PAD71_4", 2690.9449, -1665, "T", "DIP", "$1N1712", "", "C", 60, 60, 36, 36, 0],
		[410, "PAD71_4", 2690.9449, -1665, "B", "DIP", "$1N1712", "", "C", 60, 60, 36, 36, 0],
		[411, "PAD72_1", 1408.5433, -682.4016, "T", "DIP", "$1N36", "", "C", 60, 60, 36, 36, 0],
		[412, "PAD72_1", 1408.5433, -682.4016, "B", "DIP", "$1N36", "", "C", 60, 60, 36, 36, 0],
		[413, "PAD73_4", 1903.5433, -877.4016, "T", "DIP", "$1N1712", "", "C", 60, 60, 36, 36, 0],
		[414, "PAD73_4", 1903.5433, -877.4016, "B", "DIP", "$1N1712", "", "C", 60, 60, 36, 36, 0],
		[415, "PAD74_1", 1408.5433, -2257.2047, "T", "DIP", "$1N37", "", "C", 60, 60, 36, 36, 0],
		[416, "PAD74_1", 1408.5433, -2257.2047, "B", "DIP", "$1N37", "", "C", 60, 60, 36, 36, 0],
		[417, "PAD75_4", 1903.5433, -2452.2047, "T", "DIP", "$1N1712", "", "C", 60, 60, 36, 36, 0],
		[418, "PAD75_4", 1903.5433, -2452.2047, "B", "DIP", "$1N1712", "", "C", 60, 60, 36, 36, 0],
		[419, "PAD76_1", 730.0042, 894.9996, "T", "DIP", "$1N16", "", "C", 59.9999, 59.9999, 35.9842, 35.9842, 0],
		[420, "PAD76_1", 730.0042, 894.9996, "B", "DIP", "$1N16", "", "C", 59.9999, 59.9999, 35.9842, 35.9842, 0],
		[421, "PAD77_2", 730.0042, 794.9998, "T", "DIP", "$1N1712", "", "C", 59.9999, 59.9999, 35.9842, 35.9842, 0],
		[422, "PAD77_2", 730.0042, 794.9998, "B", "DIP", "$1N1712", "", "C", 59.9999, 59.9999, 35.9842, 35.9842, 0],
		[423, "PAD78_3", 730.0042, 695, "T", "DIP", "$1N17", "", "C", 59.9999, 59.9999, 35.9842, 35.9842, 0],
		[424, "PAD78_3", 730.0042, 695, "B", "DIP", "$1N17", "", "C", 59.9999, 59.9999, 35.9842, 35.9842, 0],
		[425, "PAD79_4", 730.0042, 595.0002, "T", "DIP", "$1N18", "", "C", 59.9999, 59.9999, 35.9842, 35.9842, 0],
		[426, "PAD79_4", 730.0042, 595.0002, "B", "DIP", "$1N18", "", "C", 59.9999, 59.9999, 35.9842, 35.9842, 0],
		[427, "PAD80_5", 730.0042, 495.0004, "T", "DIP", "$1N19", "", "C", 59.9999, 59.9999, 35.9842, 35.9842, 0],
		[428, "PAD80_5", 730.0042, 495.0004, "B", "DIP", "$1N19", "", "C", 59.9999, 59.9999, 35.9842, 35.9842, 0],
		[429, "PAD81_6", 730.0042, 395.0006, "T", "DIP", "$1N20", "", "C", 59.9999, 59.9999, 35.9842, 35.9842, 0],
		[430, "PAD81_6", 730.0042, 395.0006, "B", "DIP", "$1N20", "", "C", 59.9999, 59.9999, 35.9842, 35.9842, 0],
		[431, "PAD82_7", 730.0042, 290.0009, "T", "DIP", "$1N21", "", "C", 59.9999, 59.9999, 35.9842, 35.9842, 0],
		[432, "PAD82_7", 730.0042, 290.0009, "B", "DIP", "$1N21", "", "C", 59.9999, 59.9999, 35.9842, 35.9842, 0],
		[433, "PAD83_8", 730.0042, 195.001, "T", "DIP", "$1N22", "", "C", 59.9999, 59.9999, 35.9842, 35.9842, 0],
		[434, "PAD83_8", 730.0042, 195.001, "B", "DIP", "$1N22", "", "C", 59.9999, 59.9999, 35.9842, 35.9842, 0],
		[435, "PAD84_1", 1830, -1705, "T", "DIP", "$1N1712", "", "C", 78.74, 78.74, 36, 36, 0],
		[436, "PAD84_1", 1830, -1705, "B", "DIP", "$1N1712", "", "C", 78.74, 78.74, 36, 36, 0],
		[437, "PAD85_2", 1830, -1605, "T", "DIP", "$1N1641", "", "C", 78.74, 78.74, 36, 36, 0],
		[438, "PAD85_2", 1830, -1605, "B", "DIP", "$1N1641", "", "C", 78.74, 78.74, 36, 36, 0],
		[439, "PAD86_3", 1830, -1505, "T", "DIP", "$1N27", "", "C", 78.74, 78.74, 36, 36, 0],
		[440, "PAD86_3", 1830, -1505, "B", "DIP", "$1N27", "", "C", 78.74, 78.74, 36, 36, 0],
		[441, "PAD87_4", 1830, -1405, "T", "DIP", "$1N26", "", "C", 78.74, 78.74, 36, 36, 0],
		[442, "PAD87_4", 1830, -1405, "B", "DIP", "$1N26", "", "C", 78.74, 78.74, 36, 36, 0],
		[443, "PAD88_5", 1830, -1305, "T", "DIP", "$1N28", "", "C", 78.74, 78.74, 36, 36, 0],
		[444, "PAD88_5", 1830, -1305, "B", "DIP", "$1N28", "", "C", 78.74, 78.74, 36, 36, 0],
		[445, "PAD89_6", 1830, -1205, "T", "DIP", "$1N25", "", "C", 78.74, 78.74, 36, 36, 0],
		[446, "PAD89_6", 1830, -1205, "B", "DIP", "$1N25", "", "C", 78.74, 78.74, 36, 36, 0]
	]
}
}